Flows,AvgDelay
10,0.767339
20,0.829356
30,0.986386
40,1.32262
50,1.63301