Flows,DropRatio
10,0.0415356
20,0.0647019
30,0.0736447
40,0.0908092
50,0.0993063