Flows,DeliveryRatio
10,0.948897
20,0.940255
30,0.924489
40,0.88468
50,0.875093