Flows,DropRatio
10,0.0273741
20,0.0554745
30,0.0664721
40,0.0774028
50,0.0881532