Flows,AvgDelay
10,0.54254
20,0.579527
30,0.863024
40,1.30968
50,1.57584