Flows,DeliveryRatio
10,0.95927
20,0.938305
30,0.920675
40,0.897625
50,0.885169