Nodes,DeliveryRatio
20,0.959876
40,0.961538
60,0.936503
80,0.926926
100,0.926881