Nodes,DropRatio
20,0.0512821
40,0.0611921
60,0.0613281
80,0.0904449
100,0.104578