Nodes,AvgDelay
20,0.815667
40,0.843193
60,0.87984
80,0.942103
100,0.98682
