Pkt,DeliveryRatio
100,0.955943
200,0.956484
300,0.944504
400,0.945977
500,0.934657