Pkt,AvgDelay
100,1.00631
200,0.949082
300,0.914386
400,0.858975
500,0.848683