Pkt,DropRatio
100,0.0588235
200,0.0555376
300,0.0451634
400,0.0666894
500,0.0601609