Speed,AvgDelay
5,1.07362
10,0.896492
15,0.821432
20,0.750501
25,0.689509