Speed,DeliveryRatio
5,0.951463
10,0.936086
15,0.935402
20,0.924469
25,0.922289