Speed,DropRatio
5,0.0607143
10,0.0657727
15,0.0786026
20,0.0603001
25,0.0821717