Nodes,AvgDelay
20,1.10585
40,0.90441
60,0.917083
80,0.883572
100,0.949127