Nodes,DeliveryRatio
20,0.950498
40,0.940253
60,0.933414
80,0.925063
100,0.907323