Nodes,DropRatio
20,0.0606226
40,0.0652551
60,0.0762047
80,0.0859342
100,0.0969359