Pkt,AvgDelay
100,1.02413
200,1.08924
300,1.09802
400,0.979272
500,0.969794