Pkt,DeliveryRatio
100,0.949834
200,0.945141
300,0.941722
400,0.940982
500,0.937018