Pkt,DropRatio
100,0.0488372
200,0.0531663
300,0.0576159
400,0.0609982
500,0.0626466