Speed,DeliveryRatio
5,0.953162
10,0.92877
15,0.928078
20,0.926983
25,0.919077