Speed,AvgDelay
5,1.17266
10,1.06202
15,0.975967
20,0.933368
25,0.860625