Speed,DropRatio
5,0.0444965
10,0.0681028
15,0.0693789
20,0.0711638
25,0.0779934