Flows,DropRatio
10,0.0754821
20,0.0810235
30,0.109779
40,0.106618
50,0.117944