Flows,AvgDelay
10,0.04656
20,0.0411646
30,0.0609047
40,0.0650966
50,0.0686118