Flows,DeliveryRatio
10,0.955467
20,0.933719
30,0.912866
40,0.888352
50,0.80948
