Flows,DropRatio
10,0.0191039
20,0.0712731
30,0.0720299
40,0.0733192
50,0.0997747