Flows,AvgDelay
10,0.0358663
20,0.0411515
30,0.054488
40,0.0532742
50,0.0608679