Flows,DeliveryRatio
10,0.970129
20,0.908052
30,0.913938
40,0.9063
50,0.868684