Nodes,DeliveryRatio
20,0.917328
40,0.911458
60,0.909806
80,0.910989
100,0.905729