Nodes,DropRatio
20,0.0577353
40,0.0641253
60,0.0677419
80,0.0580958
100,0.0583742