Nodes,AvgDelay
20,0.0707763
40,0.055639
60,0.0495165
80,0.0549813
100,0.0388831