Pkt,DeliveryRatio
100,0.956056
200,0.929952
300,0.927339
400,0.931462
500,0.910785