Pkt,DropRatio
100,0.0302787
200,0.0633914
300,0.0580624
400,0.064295
500,0.0805563