Pkt,AvgDelay
100,0.0740349
200,0.057732
300,0.0516555
400,0.0505394
500,0.0391806