Speed,AvgDelay
5,0.064971
10,0.0503624
15,0.0521245
20,0.0406297
25,0.0390955