Speed,DeliveryRatio
5,0.953025
10,0.944494
15,0.854188
20,0.931088
25,0.919277