Speed,DropRatio
5,0.065445
10,0.0508475
15,0.0540037
20,0.0683851
25,0.0736781