Nodes,AvgDelay
20,0.0965879
40,0.057098
60,0.0510009
80,0.0458098
100,0.0460407