Nodes,DropRatio
20,0.0688606
40,0.0892461
60,0.0843797
80,0.0932297
100,0.100527