Nodes,DeliveryRatio
20,0.932312
40,0.893438
60,0.939957
80,0.892544
100,0.869668