Pkt,AvgDelay
100,0.113946
200,0.0510807
300,0.0669501
400,0.0501813
500,0.0453749