Pkt,DeliveryRatio
100,0.915085
200,0.909475
300,0.910642
400,0.909091
500,0.869243