Pkt,DropRatio
100,0.061117
200,0.067592
300,0.0636042
400,0.0704334
500,0.117522