Speed,DropRatio
5,0.0698393
10,0.0520833
15,0.064257
20,0.0607227
25,0.100288