Speed,DeliveryRatio
5,0.930876
10,0.890471
15,0.921807
20,0.889666
25,0.916353