Speed,AvgDelay
5,0.0669706
10,0.0521699
15,0.0508681
20,0.0568504
25,0.0512255
